key,en,fr,es,de
,,,,
//global,//global,//global,//global,//global
nextLink, NEXT ,PROCHAIN,SIGUIENTE,WEITER
museDisconnectedTitle,Muse Disconnected,Muse déconnecté,Muse desconectado,Muse getrennt
museDisconnectedDescription,Please reconnect to continue the tutorial.,Veuillez reconnecter votre Muse pour continuer.,"Por favor, reconecta el Muse para continuar con el tutorial.",Bitte erneut verbinden um mit dem Tutorial fortzufahren.
closeButton,CLOSE,FERMER,CERRAR,SCHLIEßEN
connectButton,CONNECT,CONNECTER,CONECTAR,VERBINDEN
,,,,
//begin-landing.js,//begin-landing.js,//begin-landing.js,//begin-landing.js,//begin-landing.js
welcomeEEG101,Welcome to,Bienvenue dans,Bienvenido a,Wilkommen zu
tutorialDescription,"At the end of this tutorial, you will have learned how EEG devices can be used to measure the electrical activity of the brain.","À la fin de ce tutoriel, vous aurez appris comment l\'EEG peut être utilisé pour mesurer l\'activité électrique du cerveau.","Al finalizar este tutorial, conocerás la manera en la que un dispositivo EEG puede ser usado para medir la actividad eléctrica cerebral.","Am Ende des Tutorials wirst du gelernt haben, wie ein EEG-Gerät dazu verwendet werden kann, elektrische Strömungen im Gehirn zu messen."
,,,,
//connector-01.js,//connector-01.js,//connector-01.js,//connector-01.js,//connector-01.js
step1Title,Step 1,Étape 1,Paso 1,Schritt 1
musePowerOnWarning,Make sure your Muse is powered on.,Veuillez vous assurer que votre Muse est allumé.,Asegúrate de que el dispositivo Muse se encuentre encendido.,"Stelle sicher, dass dein Muse eingeschaltet ist."
museFirstGenWarning,If you are using a first generation Muse you may need to pair your device in bluetooth settings.,"Si vous utilisez un Muse de première génération, assurez-vous de l\'avoir pairé dans les paramètres Bluetooth.","Si estás utilizando un Muse Primera Generación, es posible que sea necesario conectarlo manualmente en los ajustes del Bluetooth.","Falls du ein Gerät der ersten Generation benutzt, kann es sein, dass du das Gerät manuell in den Bluetooth-Einstellungen paaren musst."
offlineModeEnable,ENABLE OFFLINE MODE,ACTIVER MODE HORS LIGNE,HABILITAR EL MODO OFFLINE,AKTIVIEREN DES OFFLINE-MODUS
offlineModeDisable,DISABLE OFFLINE MODE,DÉSACTIVER MODE HORS LIGNE,DESACTIVAR EL MODO OFFLINE,ENTFERNEN DES OFFLINE-MODUS
connector2Link," OK, IT\'S ON ","OK, MUSE CONNECTÉ","OK, ESTÁ ENCENDIDO","OK, ES IST EINGESCHALTET"
,,,,
//connector-02.js,//connector-02.js,//connector-02.js,//connector-02.js,//connector-02.js
step2Title,Step 2,Étape 2,Paso 2,Schritt 2
getStartedLink,GET STARTED ,COMMENCER,EMPEZAR,LOS GEHT\'S
waitMusePair,Wait for your Muse to pair \n with EEG 101...,Veuillez attendre que votre Muse se connecte à EEG 101...,Espera a que tu Muse se conecte \n con EEG 101...,"Bitte warte, bis dein Muse mit \n EEG 101 gepaart wird…"
,,,,
//connector-03.js,//connector-03.js,//connector-03.js,//connector-03.js,//connector-03.js
step3Title,Step 3,Étape 3,Paso 3,Schritt 3
museFitProperly,Make sure the Muse is properly fitted to your head.,Veuillez vous assurer que votre Muse est bien ajusté sur votre tête.,Asegúrate de que el Muse esté colocado correctamente en tu cabeza.,"Stelle sicher, dass dein Muse ordentlich am Kopf anliegt."
fitInstructions,Fit the earpieces snugly behind your ears and adjust the headband so that it rests mid forehead. Clear any hair that might prevent the device from making contact with your skin.,Placez les manchons derrière vos oreilles et ajustez le bandeau afin qu\'il soit placé au milieu de votre front. Déplacez tout cheveu qui pourrait empêcher les capteurs de toucher votre peau.,Coloca los sensores cómodamente detrás de tus oídos y ajusta el dispositivo de manera que éste quede a la mitad de tu frente. Asegúrate de que no haya cabello entre los sensores de la frente y tu piel.,"Befestige die beiden Ohrhalterungen sicher hinter deinen Ohren und passe das Kopfband so an, dass es mittig auf der Stirn liegt. Entferne jegliches Haar, was den Kontakt zwischen dem Gerät und der Kofphaut verhindern könnte."
,,,,
//slide-01.js,//slide-01.js,//slide-01.js,//slide-01.js,//slide-01.js
introductionSlideTitle,INTRODUCTION,INTRODUCTION,INTRODUCCIÓN,EINFÜHRUNG
brainElectricity,Your brain produces electricity. ,Votre cerveau produit de l\'électricité.,Tu cerebro produce electricidad.,Dein Gehirn produziert Elektrizität.
EEGLink,EEG,EEG,EEG,EEG
deviceCanDetect,"device that you are wearing, we can detect the electrical activity of your brain.","appareil que vous portez, il est possible de détecter l\'activité électrique de votre cerveau."," que estás utilizando, es posible detectar la actividad eléctrica de tu cerebro.","Gerät, welches du benutzt, können wir elektrische Aktivität im Gehrin erkennen."
usingThe,Using the,En utilisant l\',A través del dispositivo ,Mit dem
tryBlinkingEyes,Try blinking your eyes...,Essayez de cligner des yeux...,Intenta parpadear...,Versuche zu blinzeln…
doesSignalChange,Does the signal change?,Est-ce que le signal change?,¿Observas algún cambio en la señal?,Verändert sich das Signal?
eyeMovementCreates,Eye movements create,Les mouvements de yeux créent du,Los movimiento oculares generan,Augenbewegungen erzeugen
noiseLink,noise,bruit,ruido, störungen
inEEGSignal,in the EEG signal.,dans les signaux d\'EEG.,en la señal de EEG.,im EEG-Signal.
tryThinkingAbout,Try thinking about a cat...,Essayez de penser à un chat...,Intenta pensar en un gato...,"Versuche, an eine Katze zu denken…."
althoughEEG,"Although EEG can measure overall brain activity, it\'s not capable of","Même si l\'EEG peut mesurer l\'activité électrique générale du cerveau, il ne peut pas","Aunque el EEG registra la actividad cerebral general, no tiene la capacidad","Obwohl EEG die allgemeine Gehirnaktivität messen kann, ist es nicht in der Lage"
readingMindsLink,reading minds,lire les pensées,de leer mentes,Gedanken zu lesen
tryClosingEyes10,Now try closing your eyes for 10 seconds.,Essayez maintenant de fermer vos yeux pendant 10 secondes.,"Ahora, intenta cerrar tus ojos durante 10 segundos.","Versuche nun, deine Augen für 10 Sekunden zu schließen."
mayNoticeSignalChange,You may notice a change in your signal due to an increase in,Vous remarquerez peut-être un changement dans votre signal dû à une augmentation des,"Probablemente observaste cambios en la señal, cambios debido a un incremento en ","Du stellst möglicherweise eine Veränderung im Signal fest, dank einer verstärkten Aktivität von "
alphaWavesLink,alpha waves.,ondes alpha.,las ondas alfa.,Alphawellen.
whatIsEEGTitle,What exactly is EEG?,Qu\'est-ce que l\'EEG exactement?,¿Qué es exactamente el EEG?,Was genau ist EEG?
whatIsEEGDescription,"Electroencephalography (EEG) is a technique that measures the electrical activity of the brain with sensors that record fluctuations in voltage at the surface of the skull. The first human electroencephalogram was recorded in 1924 by Hans Berger, a German psychiatrist whose interest in ‘psychic energy\' led him to experiment with the electrical fields of the brain.","L\'électroencéphalographie (EEG) est une technique qui mesure l\'activité électrique du cerveau à l\'aide de capteurs qui mesurent les changements de potentiel électrique à la surface du crâne. Le premier électroencéphalogramme humain fut enregistré en 1924 par Hans Berger, un psychiatre allemand dont l\'intérêt envers l\'«énergie psychique» le poussa à expérimenter avec les champs électriques cérébraux.","La electroencefalografía (EEG) es una técnica que registra la actividad eléctrica del cerebro con ayuda de sensores que detectan las fluctuaciones de voltaje sobre la superficie del cuero cabelludo. El primer registro de EEG humano fue realizado en 1924 por Hans Berger, un psiquiatra alemán cuyo interés por la ‘energía psíquica\' lo llevó a experimentar con los campos eléctricos del cerebro.","Elektroenzephalografie (EEG) ist eine Messtechnik für elektrische Aktivitäten im Gehirn, die auf Sensoren basiert, die Fluktuationen in der Spannung auf der Oberfläche des Schädels feststellen. Das erste menschliche Elektroenzephalograph wurde 1924 von Hans Berger aufgezeichnet. Er war ein deutscher Psychiater, dessen Interesse in “psychischer Energie” zu Experimenten mit elektrischen Feldern des Gehirns führte."
noiseTitle,Noise,Bruit,Ruido,Störungen
noiseDescription,"Movement of the eyes (which are electrically charged) and muscle activity produce electrical activity. Thus, blinking, swallowing, and clenching the jaw will all produce noise that can overpower signals originating in the brain. This can make it very difficult to read the EEG. To accurately sense the activity of the brain, movement must be kept to a minimum.","Les mouvements de yeux (ces derniers possédant une charge électrique) et l\'activité musculaire produisent tous deux de l\'activité électrique. Ainsi, cligner des yeux, avaler et serrer la mâchoire produisent tous du bruit électrique qui peut dominer et éclipser l\'activité provenant du cerveau. Ceci peut rendre très difficile la lecture de l\'EEG. Afin de mesurer avec précision l\'activité du cerveau, il est donc nécessaire de restreindre ces types de mouvement au minimum.","El movimiento de los ojos (los cuales poseen carga eléctrica) y la actividad muscular producen actividad eléctrica. Así, parpadear, tragar, o apretar la quijada producen ruido eléctrico que puede ser de mayor potencia que las señales generadas en el cerebro. Esto puede hacer que leer el EEG sea muy difícil. Para registrar la actividad del cerebro de forma acertada, se debe minimizar el movimiento corporal. ","Bewegungen der Augen (welche elektrisch geladen sind) und Muskelaktivität verursachen ebenfalls elektrische Aktivität. Deshalb können Blinzeln, Schlucken, oder das Zusammenkneifen des Kiefers zu Störungen führen, die das Signal der Hirnaktivität überdeckt. Dadurch wird es extrem schwierig, EEGs korrekt auszuwerten. Um die Hirnaktivität akkurat zu messen, sollten jegliche Bewegungen auf ein Minimum reduziert werden."
cannotReadMindsTitle,EEG cannot read minds,L\'EEG ne peut pas lire dans les pensées,El EEG no puede leer mentes,EEG kann keine Gedanken lesen
cannotReadMindsDescription,"The EEG signal is generated when tens of thousands of brain cells fire in synchrony. Although thinking about a cat produces some change in brain activity, it is too small to affect the large-scale, rhythmic firing of the brain that EEG detects.","Le signal d\'EEG est généré lorsque des dizaines de neurones du cerveau transmettent un influx électrique en même temps. Bien que penser à un chat produit un changement de l\'activité électrique du cerveau, ce changement est trop faible pour avoir un effet sur l\'activité détectable avec l\'EEG, qui nécessite une activation à grande échelle.","La señal del EEG se genera cuando decenas de miles de neuronas disparan en sincronía. Pensar en un gato produce un cambio en la actividad cerebral, no obstante, este cambio es pequeño comparado con la actividad rítmica de las poblaciones a grande escala de neuronas que el EEG detecta.","Das EEG-Signal entsteht, wenn zehntausende von Hirnzellen gleichzeitig feuern. Obwohl es geringe Maße an Hirnströmen induziert, wenn wir an Katzen denken, ist es doch zu wenig Energie, um gesammelte, rythmische Aktivität auszulösen, die das EEG messen kann."
eyeRythymsTitle,Closed eye rhythms,Yeux fermés et rythme alpha,Ritmo alfa con ojos cerrados,Rhythmus bei geschlossenen Augen
eyeRythymsDescription,"When the eyes are closed, there is often a large increase in rhythmic brain activity in the range of 8-13 cycles per second (Hz). These alpha waves were one of the first discoveries that Hans Berger made with EEG. The ability to detect alpha waves when the eyes are closed varies greatly from person to person, however. Don\'t feel bad if you can\'t see them!","Quand on ferme les yeux, une augmentation importante de l\'activité cérébrale peut être observée entre 8 et 13 cycles par seconde (Hz). Ce rythme, appelé onde alpha, a été une des premières découvertes de Hans Berger avec l\'EEG. Toutefois, la facilité avec laquelle les ondes alpha peuvent être détectées varie d\'une personne à l\'autre. Ne vous en faites pas si vous ne les voyez pas maintenant!","Cuando cierras tus ojos, hay un incremento en la actividad rítmica cerebral en el rango de 8 - 13 ciclos por segundo (Hz). Estas ondas cerebrales, denominadas alfa, fueron uno de los primeros descubrimientos que Hans Berger hizo con EEG. La habilidad para detectar ondas alfa cuando los ojos están cerrados varía de persona a persona. ¡No te sientas mal si no puedes verlas!","Wenn die Augen geschlossen sind, entsteht oftmals ein starker Anstieg rhythmischer Hirnaktivität im Bereich von 8-13 Zyklen pro Sekunde (Hz). Diese Alphawellen waren eine der ersten Entdeckungen von Hans Berger mittels seines EEGs. Die Fähigkeit, Alphawellen zu erkennen, sobald die Augen geschlossen sind, schwankt jedoch stark von Person zu Person. Kein Grund traurig zu sein, falls du keine erkennen kannst!"
,,,,
// slide-01.js offline,// slide-01.js offline,// slide-01.js offline,// slide-01.js offline,// slide-01.js offline
theBrainProduces,The brain produces electricity,Le cerveau produit de l\'électricité.,El cerebro produce electricidad.,Das Gehirn produziert Elektrizität.
thisExample,This is an example of,Voici un example de données d’,Este es un ejemplo de,Dies ist ein Beispiel für
dataShowing,"data, showing the electrical activity of the brain",qui représentent l\'activité électrique du cerveau.,"datos, mostrando la actividad eléctrica del cerebro","daten, zeigt die elektrische Aktivität des Gehirns"
noiseInSignal,Noise in the EEG signal,Bruit dans le signal EEG,Ruido en la señal EEG, Störungen im EEG-Signal
differentTypes,The EEG is subject to many different types of,L\'EEG est affecté par différents types de,El EEG se ve afectado por,Das EEG ist empfindlich für
blinksExample,"Blinks, for example, produce large fluctuations in the signal due to ","Les clignements de yeux, par exemple, produisent de grandes fluctuations du signal en raison du mouvement des globes oculaires","Los parpadeos, por ejemplo, producen grandes fluctuaciones en la señal debido a la actividad muscular","Blinkt, zum Beispiel, erzeugen große Schwankungen im Signal aufgrund der Muskelaktivität"
uninformativeRaw,"For the most part, raw EEG data is pretty uninformative","Sous leur forme brute, les données d\'EEG sont assez peu informatives",Los datos crudos del EEG son bastante poco informativos,Raw EEG daten sind ziemlich uninformativ
needsProcessing,"With processing, EEG can give clues to overall brain activity, but it is not capable of","Avec un peu de traitement, l\'EEG peut nous renseigner sur l\'activité globale du cerveau, mais ne nous permet pas de ","Con el procesamiento, el EEG puede dar pistas sobre la actividad cerebral general, pero no es capaz de","Mit der Verarbeitung kann EEG Hinweise auf die gesamte Hirnaktivität geben, aber es ist nicht fähig"
,,,,
//slide-02.js,//slide-02.js,//slide-02.js,//slide-02.js,//slide-02.js
physiologySlideTitle,PHYSIOLOGY,PHYSIOLOGIE,FISIOLOGÍA,PHYSIOLOGIE
EEGComeFrom,Where does the EEG signal come from?,D\'où provient le signal d\'EEG?,¿Cuál es el origen de la señal de EEG?,Woher kommt das EEG-Signal?
EEGMeasures,The EEG measures the electrical activity that occurs when,L\'EEG mesure l\'activité électrique qui survient lorsque les,La señal de EEG registra la señal eléctrica que ocurre cuando,"Das EEG misst die elektrische Aktivität, welche ensteht, wenn "
neuronsLink,neurons,neurones,las neuronas,Neuronen
receiveAndTransmit,receive and transmit information.,reçoivent et transmettent de l\'information.,reciben y transmiten información.,Informationen empfangen und übermitteln.
organizedNeural,Organized neural activity produces electric fields.,L\'activité neuronale produit des champs électriques.,La actividad neuronal organizada produce campos eléctricos.,Unisone Neuronenaktivität schafft elektrische Felder
whenBillionsOfNeurons,When billions of neurons,Quand des milliards de neurones,Cuando miles de millones de neuronas,Wenn Milliarden von Neuronen
workTogetherLink,work together,travaillent ensemble,trabajan juntas,zusammenarbeiten
produceThoughts,"to produce thoughts, feelings, and behaviours, their electricity can be detected by electrodes on the scalp.","pour générent nos pensées, sentiments et comportements, l\'électricté qu\'ils produisent peut être détectée sur le scalp."," para producir pensamientos, sentimientos y comportamientos, su actividad eléctrica es detectada por los electrodos sobre la cabeza.","um Gedanken, Gefühle und Verhalten zu schaffen, kann diese Elektrizität von Elektroden am Skalp gemessen werden."
EEGDetects,"EEG detects the ""state"" of the brain.",L\'EEG détecte l\'«état» du cerveau.,El EEG detecta el estado general del cerebro.,EEG erkennt den “Zustand” des Gehirns.
organizedElectricalActivity,"This organized electrical activity varies between different brain states, such as","Cette activité électrique organisée varie d\'un état mental à un autre, par exemple entre le","Esta actividad organizada eléctrica varía para diferentes estados cerebrales, por ejemplo","Solche unisone elektrische Aktivität variiert zwischen verschiedenen Hirnzuständen, wie zum Beispiel"
sleepWakefulnessLink,sleep and wakefulness.,sommeil et l\'éveil.,si estás dormido o despierto.,Schlaf und Wachsamkeit
neuralBasisEEGTitle,Neural basis of EEG.,Origine neuronale de l\'EEG,Las bases neuronales del EEG.,Neurale Basis eines EEG.
neuralBasisEEGDescription1,"When synapses are activated on a neuron\'s dendrites, a small electric field (dipole) is created along the body of the neuron due to the difference in charge between those dendrites and the axon. This electric field only lasts for a few milliseconds.","Lorsque les synapses d\'un neurone s\'activent, un petit champ électrique (dipôle) est généré dans la direction du corps cellulaire, dû à la différence de charge entre les dendrites et l\'axone du neurone. Ce champ électrique ne dure que quelques millisecondes.","Cuando las sinapsis en las dendritas de una neurona se activan, un pequeño campo eléctrico (dipolo) se crea a lo largo del cuerpo de la neurona debido a la diferencia de carga eléctrica entre las dendritas y el axón. Este campo eléctrico dura un par de milisegundos.","Wenn Synapsen an den Dendriten von Neuronen aktiviert werden, entsteht ein kleines elektrisches Feld (Dipol) entlang dem Körper des Neurons, da die Dendriten und das Axon unterschiedlich geladen sind. Dieses Feld besteht nur für wenige Millisekunden."
neuralBasisEEGDescription2,"The electric fields produced by single neurons are vanishingly small. However, when large numbers of cortical neurons fire rhythmically, their activity can produce electric fields that are large enough to cross the surface of the skull. This process is influenced by many factors, including depth, orientation, and subtype of neurons, and is a topic of ongoing research.","Les champs électriques que génère un seul neurone sont infimes. Toutefois, quand un grand nombre de neurones corticaux s\'activent à l\'unison, leur activité combinée peut engendrer des champs électriques suffisamment importants pour être mesurés à la surface du crâne. Ce processus est influencé par plusieurs facteurs, incluant la profondeur, l\'orientation et le sous-type de neurones, et fait l\'objet de nombreuses recherches.","El campo eléctrico producido por una neurona es diminuto. No obstante, cuando muchas neuronas corticales disparan de manera rítmica, su actividad puede producir campos eléctricos que son lo suficientemente grandes para cruzar la superficie del cráneo. Este proceso depende de diferentes factores, incluyendo la profundidad, la orientación, el subtipo de neurona... y es un tema actual de investigación.","Die elektrischen Felder, erzeugt von einzelnen Neuronen, sind verschwindend klein. Wenn jedoch größere Mengen von kortikalen Neuronen rhythmisch feuern, entsteht ein Potential, welches groß genug ist, um die Schädelwand zu durchdringen. Dieser Prozess ist von vielerlei Faktoren abhängig, wie zum Beispiel der Tiefe, Orientation, sowie der Klasse des Neurons, und Thema von andauernder Forschungsanstrengungen."
brainStatesTitle,Brain states,États mentaux,Estados cerebrales,Hirnzustände
brainStatesDescription,"During sleep our brains produce very different kinds of rhythmic electrical activity. When awake, brain rhythms tend to be rapidly-changing and irregular, while slowly-changing, organized rhythms become more dominant as we fall asleep and pass through the multiple sleep stages. \n Certain emotions and cognitive processes have also been linked with characteristic patterns of rhythmic activity that can be identified with EEG.","Lors du sommeil, l\'activité électrique de notre cerveau varie grandement. Lorsque nous sommes éveillés, l\'activité rythmique de notre cerveau change rapidement et de manière irrégulière. D\'autre part, lorsque nous dormons et au fur et à mesure que nous passons à traver les différentes phases du sommeil, ces rythmes synchronisés deviennent plus dominant. \n Certaines émotions et certains processus cognitifs générent aussi des rythmes caractéristiques qui peuvent être identifiés avec l\'EEG. ","Mientras dormimos, nuestros cerebros producen un tipo particular de actividad eléctrica rítmica. Cuando estamos despiertos, los patrones rítmicos cerebrales tienden a ser dinámicos e irregulares, mientras que ritmos lentos y organizados se vuelven dominantes cuando nos vamos quedando dormidos y pasamos por las diferentes etapas del sueño. \n Ciertas emociones y procesos cognitivos también han sido asociados con patrones característicos de actividad rítmica cerebral que pueden ser registrados con el EEG.","Während dem Schlaf produziert unser Gehirn grundverschiedene rhythmische elektrische Aktivitäten. Während im Wachzustand die Rhythmen zumeist im schnellen Wechsel und unregelmäßig auftreten, dominieren während der verschiedenen Schlafzustände langsam wechselnde und unisone Rhythmen. \n Bestimmte Emotionen und kognitive Prozesse wurden ebenfalls mit charakteristischen Mustern rhythmischer Aktivität in Verbindung gebracht und können mittels EEG identifiziert werden."
,,,,
//slide-03.js,//slide-03.js,//slide-03.js,//slide-03.js,//slide-03.js
hardwareSlideTitle,HARDWARE,MATÉRIEL,HARDWARE,HARDWARE
howDoesEEGDeviceWork,How does an EEG device work?,Comment fonctionne un appareil d\'EEG?,¿Cómo funciona un dispositivo EEG?,Wie funktioiniert ein EEG-Gerät?
electricalActivitySensed,The electrical activity of the brain is sensed by,L\'activité électrique du cerveau est captée par des,La actividad eléctrica del cerebro es detectada por,Die elektrische Aktivität des Gehirns wird von
electrodesLink,electrodes,électrodes,electrodos,Elektroden
placedOnScalp,placed on the scalp.,placées sur le scalp.,situados sobre el cuero cabelludo.,"wahrgenommen, die am Schädel plaziert werden."
deviceHas4Electrodes,This device has 4 electrodes.,L\'appareil que vous portez dispose de 4 électrodes.,Este dispositivo tiene 4 electrodos.,Dieses Gerät besitzt 4 Elektroden.
touchTheHeadDiagram,Touch the head diagram to view the signal at each electrode. Scientists have,Appuyez sur le diagramme afin de voir le signal produit par les autres électrodes. Chaque électrode a un,Toca el diagrama de la cabeza para ver la señal en cada electrodo. Los científicos han ,Berühre das Diagramm des Kopfes um das Signal an den jeweiligen Elektroden zu einzusehen. Wissenschaftler haben
namesLink,names,nom,asignado nombres,namen
forEachElectrode,for each of these electrodes.,suivant une nomenclature standardisée., a cada uno de estos electrodos.,für jede dieser Elektroden.
whatElectrodesMeasure,What do electrodes measure?,Qu\'est-ce que les électrodes mesurent?,¿Qué registran los electrodos?,Was genau messen die Elektroden?
voltageFluctuations,Each electrode detects voltage fluctuations that are compared to a,Chaque électrode détecte les changements de potentiel électrique en comparaison à une,Cada electrodo detecta fluctuaciones de voltaje que son comparadas con un,Jede Elektrode misst Fluktuationen in elektrischer Spannung die mit einer
referenceElectrodeLink,reference electrode,électrode de référence,electrodo de referencia,Referenzelektrode
amplified1Mil,"and then amplified around 1,000,000 times.",puis amplifiées près d\'un million de fois.,"y son amplificadas con una ganancia de hasta 1,000,000 de veces.",verglichen und um etwa den Faktor 1.000.000 verstärkt werden.
electrodesTitle,Electrodes,Électrodes,Electrodos,Elektroden
electrodesDescription,An electrode is a conductor through which electricity flows. The device you are wearing (Muse) uses dry electrodes that don\'t require conductive gel and can be placed directly on the skin.,"Une électrode est un conducteur à travers lequel l\'électricité peut circuler. L\'appareil que vous portez (Muse) utilise des électrodes sèches qui ne requièrent pas de gel conducteur, et peuvent ainsi être placées directement sur la peau.",Un electrodo es un conductor a través del cual la electricidad fluye. El dispositivo que traes puesto (Muse) utiliza electrodos secos que no requieren gel conductor y pueden ser colocados directamente sobre la piel.,"Eine Elektrode ist ein Leiter durch welchen elektrische Spannung fließt. Das Gerät, welches du momentan trägst (Muse) benutzt Trockenelektroden welche keinerlei leitendes Gel benötigen und direkt auf der Haut platziert werden können."
electrodeNamingTitle,Electrode naming conventions,Nomenclature des électrodes,Nomenclatura de los electrodos,Namenskonvention für Elektroden
electrodeNamingDescription,"EEG electrodes are typically identified by a combination of a letter and a number. The letter indicates the part of the head where the electrode is located (F for frontal, C for central, etc.). The number indicates distance from the midline of the head with even numbers on the right hemisphere and odd numbers on the left.","Les électrodes d\'EEG sont typiquement identifiées par la combinaison d\'une lettre et d\'un nombre. La lettre indique la partie de la tête où l\'électrode se trouve (F pour frontal, C pour central, etc.). Le nombre indique la distance depuis la ligne médiane de la tête, en plus d\'indiquer de quel côté l\'électrode se trouve (hémisphère droit pour les nombres impairs, hémisphère gauche pour les nombres pairs).","Los electrodos típicamente se identifican con la combinación de una letra y un número. La letra indica en qué parte de la cabeza está ubicado el electrodo (F para frontal, C para central...). El número indica la distancia de la línea media de la cabeza utilizando números pares para el hemisferio derecho y números impares para el izquierdo.","EEG-Elektroden werden typischerweise mittels einer Kombination aus einem Buchstaben und einer Zahl beschrieben. Der Buchstabe deutet auf die respektive Platzierung der Elektrode am Kopf hin (F für “Frontal”, C für “Central”, etc.). Die Zahl deutet auf die Entfernung von der Scheitellinie des Kopfes hin, wobei gerade Zahlen auf der rechten, und ungerade Zahlen auf der linken Hemisphere platziert werden."
referencingTitle,Referencing,Référençage,Referencia,Referenzierung
referencingDescription,"Each electrode\'s signal reflects the difference in electrical potential between that electrode and a seperate reference electrode. Thus, data gathered from EEG devices with different reference electrode placement can vary considerably. With Muse, the reference is located on the front of the forehead.","Le signal mesuré par chaque électrode reflète la différence de potentiel électrique entre cette électrode et une seconde électrode dite «de référence». Ainsi, les données obtenues avec des appareils d\'EEG dont la référence est différente peuvent varier considérablement. Avec le Muse, la référence est située au milieu du front.","La señal de cada electrodo refleja la diferencia en potencial eléctrico entre ese electrodo y otro electrodo de referencia. Por lo tanto, los datos registrados con dispositivos EEG utilizando diferentes posiciones de electrodo de referencia pueden variar considerablemente. En el dispositivo Muse el electrodo de referencia se localiza en la frente.",Das Signal jeder Elektrode spiegelt die Differenz zwischen dem elektrischen Potenzial der Elektrode und der Referenzelektrode wieder. Deshalb können die Daten von EEG-Geräten mit unterschiedlich platzierten Referenzelektroden stark variieren. Bei Muse ist die Referenz in der Mitte der Stirn platziert.
,,,,
//slide-03.js offline,//slide-03.js offline,//slide-03.js offline,//slide-03.js offline,//slide-03.js offline
devicesHaveElectrodes,EEG devices have multiple electrodes,Les appareils EEG ont plusieurs électrodes,Los dispositivos EEG tienen múltiples electrodos,EEG-Geräte haben mehrere Elektroden
,,,,
//slide-04.js,//slide-04.js,//slide-04.js,//slide-04.js,//slide-04.js
filteringSlideTitle,FILTERING,FILTRAGE,FILTRADO,FILTER
raw,Raw,Brut,Señal sin procesar,Roh
bandPassFilter,Band-Pass Filter,Filtre passe-bande,Filtro paso banda,Bandpass-Filter
meaningfulData,How do we get meaningful data from the EEG?,Comment obtient-on des données d\'EEG pertinentes et utiles?,¿Cómo obtener información relevante de la señal EEG?,Wie können wir aussagekräftige Daten vom EEG extrahieren?
firstEEGMust,"First, the EEG must be","Tout d\'abord, l\'EEG doit être","Para empezar, el EEG debe ser",Zuerst muss das EEG
filteredLink,filtered,filtré,filtrado,gefiltert
toReduceSignals,to reduce signals that don\'t come from the brain.,afin de réduire l\'importance des signaux qui ne proviennent pas du cerveau.,para reducir las señales que no vienen del cerebro,"werden, um Signale zu eliminieren, die nicht vom Gehirn stammen."
filtersTitle,Filters,Filtres,Filtros,Filter
filtersDescription,"Filters remove frequencies that sit outside the spectrum of signals produced by the brain, getting rid of some of the noise produced by muscles or environmental electrical activity. Filters are normally either high-pass (removing low frequencies), low-pass (removing high frequencies) or band-pass (allowing only a specific band of frequencies through). Here, we have implemented a band-pass filter that removes frequencies outside the range of those typically produced by the brain.","Les filtres atténuent les fréquences se trouvant à l\'extérieur du spectre des signaux provenant du cerveau, ce qui permet de se débarrasser en partie du bruit produit par les muscles et l\'activité électrique environnante. Les filtres sont soit passe-haut (atténuent les basses fréquences), passe-bas (atténuent les hautes fréquences) ou passe-bande (laissent passer une bande de fréquences spécifique). Dans notre cas, nous avons implémenté un filtre passe-bande qui atténue les fréquences en dehors de celles typiquement générées par le cerveau.","Los filtros remueven frecuencias que están situadas fuera de un espectro de señales producidas por el cerebro, reduciendo el ruido producido por la actividad muscular o la actividad eléctrica del ambiente. Los filtros se clasifican normalmente como paso altas (remueve frecuencias bajas), paso bajas (remueve frecuencias altas) o paso banda (deja un rango específico de frecuencias y remueve todo lo demás). Aquí hemos implementado un filtro paso banda que remueve todas las frecuencias producidas fuera del rango típico de la actividad cerebral.","Filter entfernen Frequenzen, die außerhalb des Signalspektrums liegen, welches von Hirnaktivitäten erzeugt wird. Filter entfernen damit Teile der Signalstörungen, die durch Muskelkontraktion oder periphere elektrische Aktivität induziert werden. In der Regel kommen entweder Hochpass-Filter (entfernen niedrige Frequenzen), Tiefpass-Filter (entfernen hohe Frequenzen) oder Bandpass-Filter (erlauben nur bestimmte Frequenzbänder) zum Einsatz. Hier haben wir einen Bandpass-Filter implementiert, der Frequenzen außerhalb des typischen Spektrums von Hirnwellen entfernt."
,,,,
//slide-05.js,//slide-05.js,//slide-05.js,//slide-05.js,//slide-05.js
epochingSlideTitle,EPOCHING,EXTRACTION D\'ÉPOQUES,DIVISIÓN EN ÉPOCAS,EINTEILUNG IN EPOCHEN
chunkingSignal,Chunking the signal,Segmenter le signal,Segmentando la señal,Einteilen des Signals in Epochen
EEGDividedSegments,"Next, the EEG is divided into small segments or","Ensuite, l\'EEG est divisé en petits segments appelés",El siguiente paso es dividir la señal de EEG en segmentos cortos o,Anschließend erfolgt die Unterteilung des EEG in kleinere Segmente oder
epochsLink,epochs,époques,épocas,epochen
epochsTitle,Epochs,Époques,Épocas,Epochen
epochsDescription,The brain is constantly changing and the EEG changes with it. Dividing the EEG into epochs allows each moment in time to be analyzed individually. Analyzing how the properties of these epochs vary allows us to quantify how the brain changes over time.,"Le cerveau change constamment, et en conséquence l\'EEG aussi. En divisant l\'EEG en époques, il devient possible d\'analyser chaque moment individuellement. Les propriétés de ces époques varient d\'une à l\'autre, ce qui nous permet de quantifier à quel point le cerveau change à travers le temps.",El cerebro está constantemente cambiando y el EEG cambia con él. Segmentar el EEG en épocas permite que cada momento sea analizado individualmente. Analizar las propiedades de estas épocas nos ayuda a cuantizar cómo el cerebro cambia con el tiempo,"Das Hirn wechselt ständig zwischen verschiedenen Zuständen, und folglich ändert sich auch das EEG. Indem das EEG in Epochen unterteilt wird, können bestimmte Zeitpunkte individuell betrachtet und analysiert werden. Die Analyse der Eigenschaften der jeweiligen Epochen erlaubt eine Quantifizierung der Hirnzustände über die Zeit."
,,,,
//slide-06.js,//slide-06.js,//slide-06.js,//slide-06.js,//slide-06.js
artefactRemovalSlideTitle,ARTEFACT REMOVAL,EXTRACTION DES ARTÉFACTS,REMOCIÓN DE ARTEFACTOS,ENTFERNUNG VON ARTEFAKTEN
removingNoise,Removing noise,Éliminer le bruit,Quitando ruido eléctrico,Entfernen von Störungen
afterEEGDividedEpochs,"After the EEG has been divided into epochs, those that contain a","Une fois que l\'EEG est divisé en époques, celles qui contiennent une quantité de bruit","Después de que el EEG ha sido dividido en épocas, aquellas que contienen una cantidad ","Nachdem das EEG in mehrere Epochen unterteilt wurde, werden die jeweiligen Epochen mit"
significantLink,significant,significative,significante,signifikantem
amountNoiseIgnored,amount of noise can be ignored.,peuvent être ignorées.,de ruido eléctrico deben ser ignoradas.,Anteil von Störungen schlichtweg ignoriert.
artefactDetectionTitle,Artefact detection,Détection des artéfacts,Detección de artefactos,Erkennung von Artefakten
artefactDetectionDescription,"One simple way to define a ""significant amount of noise"" is to compare how variable an epoch is in comparison to its neighbours. If the signal moves around in one epoch a lot more than in its neighbours, it is probably because there was an eyeblink or some other source of noise. Get rid of it!","Une façon simple de définir cette «quantité significative de bruit» est de mesurer à quel point l\'EEG d\'une époque varie en comparaison à celui de ses voisines. Si le signal varie beaucoup plus dans une époque donnée, c\'est probablement dû à un clignement de yeux ou à une autre source de bruit. Il faut s\'en débarrasser !","Una manera simple de definir una cantidad ""significante de ruido"" es cuantificar que tan diferente es una época comparada con sus adyacentes. Si la señal varía mucho más en una época que en aquellas adyacentes, probablemente sea porque hubo un parpadeo o alguna otra fuente de ruido. ¡Deshazte de ellos!","Ein einfacher Schritt, “signifikante Anteile von Störungen” zu erkennen, ist es, die Varianz einer Epoche im Vergleich zu den jeweiligen Nachbarn auszuwerten. Falls das Signal binnen einer Epoche deutlich stärker schwankt als bei den Nachbarn, ist der Grund hierfür vermutlich ein Blinzler oder anderes Störsignal. Weg damit!"
,,,,
//slide-07.js,//slide-07.js,//slide-07.js,//slide-07.js,//slide-07.js
featureDetectionSlideTitle,FEATURE EXTRACTION,EXTRACTION DE TRAITS CARACTÉRISTIQUES,EXTRACCIÓN DE CARACTERISTICAS,FEATURE-EXTRAKTION
breakingDownEEG,Breaking down the EEG,Décomposer l\'EEG,Analizando el EEG,Analyse des EEGs
onceNoiseRemoved,"Once noise is removed, the EEG can be broken down into many simpler periodic signals or","Une fois que le bruit a été éliminé, l\'EEG peut être décomposé en plusieurs signaux périodiques plus simples, communément appelés","Una vez que el ruido ha sido removido, el EEG puede ser descompuesto en señales periódicas más simples","Wenn Störungen erst einmal entfernt wurden, reduzieren wir das EEG auf mehrere einfache periodische Signale oder "
wavesLink,waves,ondes cérébrales,u ondas,Wellen
howEEGBrokenDown,How is the EEG broken down?,Comment décompose-t-on l\'EEG?,¿Cómo se descompone el EEG?,Wie wird das EEG heruntergebrochen?
complexSignalsBrokenDown,Complex signals can be broken down into simpler signals with a mathematical function known as the,Des signaux complexes peuvent être décomposés en de signaux plus simples en utilisant une fonction mathématique appelée la,Las señales complejas se pueden descomponer en señales más simples utilizando una función matemática conocida como ,Komplexe Signale können mittels einer mathematischen Funktion in mehrere einfache Signale aufgeteilt werden. Dies ist die sogenannte
fourierTransformLink,Fourier Transform.,transformée de Fourier.,la transformada de Fourier.,Fourier-Transformation.
wavesTitle,Waves,Ondes,Ondas,Wellen
wavesDescription,"Each wave is characterised by a certain frequency (number of cycles per second, Hertz (Hz)). A high frequency wave has many cycles per second, whereas a low frequency wave has fewer cycles per second. Waves of different frequencies are associated with different patterns of neural firing.","Chaque onde est caractérisée par une certaine fréquence (nombre de cycles par seconde, Hertz (Hz)). Une onde de haute fréquence a donc plusieurs cycles par seconde, tandis qu\'une onde de basse fréquence a peu de cycles par seconde. À chaque patron d\'activation cérébrale correspond une fréquence particulière.","Cada onda es caracterizada por una frecuencia específica (número de ciclos por segundo o Hertz (Hz)). Una onda de alta frecuencia completa muchos ciclos en un segundo, mientras que una onda de baja frecuencia completa menos ciclos en ese mismo segundo. Las ondas de diferentes frecuencias se asocian con diferentes patrones de actividad neuronal.","Jede Welle wird durch eine bestimmte Frequenz (Anzahl an Zyklen pro Sekunde, Hertz (HZ)) charakterisiert. Eine hohe Frequenz entspricht vielen Zyklen pro Sekunde, wohingegen eine niedrigere Frequenz weniger Zyklen pro Sekunde gleicht. Wellen verschiedener Frequenzen werden mit verschiedenen neuronalen Impulsmustern in Verbindung gesetzt."
fourierTransformTitle,Fourier transform,La transformée de Fourier,La transformada de Fourier,Fourier-Transformation
fourierTransformDescription,"The Fourier Transform decomposes a complex signal into a collection of simple sine waves. Often, we use an algorithm specifically called the Fast Fourier Transform (FFT) to perform this decomposition in EEG.","La transformée de Fourier permet de décomposer un signal complexe en un ensemble d\'ondes sinusoïdales simples. Souvent, un algorithme appelé transformée de Fourier rapide (FFT en anglais) est utilisé pour effectuer cette décomposition sur l\'EEG.","La transformada de Fourier descompone la señal compleja en una colección de ondas sinusoidales más simples. Normalmente utilizamos una implementación especial de la transformada de Fourier, la transformada rápida de Fourier (FFT, por sus siglas en inglés) para efectuar la descomposición de la señal de EEG.","Die Fourier-Transformation zerlegt ein komplexes Signal in eine Menge an einfachen Sinuswellen. Hierbei wird oft ein spezieller Algorithmus, die sogenannte Fast Fourier Transform (FFT) eingesetzt, um das EEG zu zerlegen."
,,,,
//slide-08.js,//slide-08.js,//slide-08.js,//slide-08.js,//slide-08.js
PSDSlideTitle,PSD,DSP (PSD),PSD (Power Spectral Density),PSD (Power Spectral Density)
powerSpectralDensity,Power Spectral Density (PSD),Densité spectrale de puissance (PSD en anglais),"Densidad Espectral de Potencia (PSD, por sus siglas en inglés)",Spektrale Leistungsdichte
whenWeApplyFourier,"When we apply the Fourier Transform to the EEG, we obtain a measure of signal strength at given frequencies, represented in units of","Quand on applique la transformée de Fourier à l\'EEG, on obtient une mesure de la force du signal à différentes fréquences, nommée","Cuando aplicamos la transformada de Fourier al EEG, obtenemos una medida de la fuerza de la señal en frecuencias específicas, representada en unidades de","Wenn wir die Fourier-Transformation auf das EEG anwenden, erhalten wir die Signalstärke einer bestimmten Frequenz in Form von "
powerLink,power,puissance,potencia,leistung
powerTitle,Power,Puissance,Potencia,Leistung
powerDescription,"In this graph, the X axis represents frequency and the Y axis represents power (microvolts squared, in decibels (dB)). Power represents how strong a certain frequency is in a complex signal. When power is high for only a few frequencies, it means that the signal is primarily composed of those few elements. If all frequencies have similar power, the signal will look random and be difficult to interpret.","Dans cette figure, l\'axe des X représente la fréquence et l\'axe des Y représente la puissance (microvolts carrés, en décibels (dB)). La puissance représente la force d\'une certaine fréquence au sein d\'un signal plus complexe. Quand la puissance est élevée pour quelques fréquences uniquement, cela signifie que le signal est principalement composé de ces éléments. D\'autre part, si toutes les fréquences ont une puissance similaire, le signal semble aléatoire et peut s\'avérer difficile à interpréter.","En esta gráfica, el eje de las X representa las diferentes frecuencias y el eje de las Y representa la potencia (microvolts al cuadrado, en decibeles (dB)). La potencia representa que tan fuerte una frecuencia es en la señal compleja. Cuando la potencia se concentra en un par de frecuencias, se dice que la señal está compuesta primordialmente por esas frecuencias. Si la potencia está distribuida de manera uniforme, se dice que la señal tiene un comportamiento aleatorio y se vuelve difícil su interpretación","In diesem Graphen repräsentiert die X-Achse die Frequenz und die Y-Achse die Leistung (Mikrovolt im Quadrat, in Dezibeln (dB)). Leistung gibt an, wie stark eine bestimmte Frequenz in einer komplexen Signalzerlegung ist. Wenn die Leistung nur für eine wenige Frequenzen eine signifikante Stärke besitzt, bedeutet das, dass das Signal hauptsächlich aus diesen bestimmten Elementen zusammengesetzt ist. Falls alle Frequenzen eine ähnliche Stärke haben, wirkt das Signal zufällig und ist daher schwer interpretierbar."
,,,,
//slide-09.js,//slide-09.js,//slide-09.js,//slide-09.js,//slide-09.js
brainWavesSlideTitle,BRAIN WAVES,ONDES CÉRÉBRALES,ONDAS CEREBRALES,GEHIRNWELLEN
whatDoFrequenciesRepresent,What do these frequencies represent?,Que représentent ces fréquences?,¿Qué representan estas frecuencias?,Was repräsentieren diese Frequenzen?
PSDDividedBands,"The PSD can be divided into different frequency bands (named by the greek letters δ, θ, α, β, and γ).","La DSP peut être divisée en plusieurs bandes de fréquences (dénommées par les lettres grecques δ, θ, α, β, et γ).","La PSD se puede dividir en diferentes bandas de frecuencias (nombradas por las letras griegas δ, θ, α, β, y γ).","Die PSD kann in mehrere Frequenzbänder unterteilt werden (benannt nach den griechischen Buchstaben  δ, θ, α, β, sowie γ)."
brainWaves,Brain Waves,Ondes cérébrales,Ondas Cerebrales,Gehirnwellen
freqCorrelatedBrain,Each frequency band exhibits activity correlated with different brain processes. These bands are often referred to as,Chaque bande de fréquences est corrélée à différents processus cérébraux. Ces bandes sont souvent appelées,"Cada banda de frecuencia exhibe una actividad relacionada con diferentes procesos cerebrales. Normalmente, a estas bandas se les denomina como ","Jedes Frequenzband signalisiert Aktivitäten, die mit verschiedenen Vorgängen im Gehirn korrelieren. Diese Bänder bezeichnet man oft als "
brainWavesLink,brain waves,ondes cérébrales,ondas cerebrales,Gehirnwellen
harnessingBrainWaves,Harnessing Brain Waves,Utiliser les ondes cérébrales,Empleando las ondas cerebrales,Gehirnwellen nutzen
noticePowerChanges,Notice how the power in a given frequency band changes over time. It is possible to harness these changes to create a simple,Remarquez comment la puissance dans une bande de fréquences change avec le temps. Il est possible d\'utiliser ces changements afin de créer une,Pon atención a como la potencia en una banda de frecuencia específica cambia con el tiempo. Es posible emplear estos cambios para crear una ,"Sieh dir an, wie sich die Signalstärke in verschiedenen Frequenzbändern über die Zeit hinweg verändert. Indem man diese Veränderungen misst und auswertet, erhält man ein einfaches"
BCILink,brain-computer interface,interface cerveau-ordinateur (ICO),"interfaz cerebro-computadora (BCI, por sus siglas en inglés)",Gehirn-Computer-Interface (BCI)
deltaTitle,Delta δ (0-4 Hz),Delta δ (0-4 Hz),Delta δ (0-4 Hz),Delta δ (0-4 Hz)
deltaDescription,Delta waves are the slowest (i.e. lowest frequency) brain waves. Delta waves dominate during deep sleep and tend to be high in amplitude because they represent the synchronized firing of large populations of neurons.,"Les ondes delta sont les plus lentes (c\'est-à-dire les fréquences les plus basses) des ondes cérébrales. Elles dominent notamment durant le sommeil profond et sont de forte amplitude, comme elles proviennent de l\'acitivité synchronisée de large populations de neurones.",Las ondas delta son las ondas cerebrales más lentas (i.e. frecuencias bajas). Las ondas delta son predominantes mientras dormimos y tienden a tener una gran amplitud porque representan la actividad sincronizada de grandes poblaciones de neuronas disparando al mismo tiempo.,"Deltawellen entsprechen den langsamsten Gehirnwellen (denen mit der niedrigsten Frequenz). Deltawellen dominieren während dem Tiefschlaf und neigen dazu, in starken Signalen aufzutreten, da sie synchronisierte Feuermuster von Neuronen repräsentieren."
thetaTitle,Theta θ (4-8 Hz),Theta θ (4-8 Hz),Theta θ (4-8 Hz),Theta θ (4-8 Hz)
thetaDescription,"Theta waves are most commonly observed in the ""hypnagogic"" period just before falling asleep. They have also been observed during deep meditative and hypnotic states.",Les ondes theta sont communément observées dans la période dite «hypnagogique» qui survient juste avant de s\'endormir. Leur présence a aussi été observée lors d\'états méditatifs profonds et d\'états hypnotiques.,Las ondas theta normalmente se observan en el periodo hipnagógico justo antes de quedarse dormido. También se han observado durante estados tanto de meditación profunda como hipnóticos.,Thetawellen sind hauptsächlich während “hypnagogen” Phasen direkt vor dem Einschlafen zu beobachten. Sie wurden außerdem während tiefen meditativen Stimulationen oder Hypnosen festgestellt.
alphaTitle,Alpha α (8-13 Hz),Alpha α (8-13 Hz),Alfa α (8-13 Hz),Alpha α (8-13 Hz)
alphaDescription,"Alpha waves can indicate the idling of a brain region. For example, they increase dramatically at when the eyes are closed. They are especially strong at the back of the head, where the vision centre of the brain is located.","Les ondes alpha indiquent une inactivité d\'une région cérébrale. Par exemple, elles augmentent dramatiquement lorsque les yeux sont fermés. On les retrouve plus particulièrement à l\'arrière de la tête, où le cortex visuel est localisé.","Las ondas alfa pueden indicar la baja actividad de una región cerebral. Por ejemplo, pueden aumentar dramáticamente cuando los ojos están cerrados. Son especialmente fuertes en la parte de atrás de la cabeza, donde el centro de la visión del cerebro se localiza .","Alphawellen können den “Leerlauf” einer bestimmten Hirnregion andeuten. Sie steigen beispielsweise stark an, wenn die Augen geschlossen bleiben. Außerdem sind sie besonders stark am Hinterkopf, wo das Sehzentrum des Gehirns lokalisiert ist."
betaTitle,Beta β (13-30 Hz),Beta β (13-30 Hz),Beta β (13-30 Hz),Beta β (13-30 Hz)
betaDescription,"Beta waves are prevalent when the brain is awake and active. They have been associated with alertness, concentration, and the active firing of neurons hard at work.",Les ondes beta sont fréquemment observées lorsque le cerveau est en éveil et actif. Elles ont été associées à des états de vigilance et de concentration.,"Las ondas beta prevalecen cuando el cerebro está despierto y activo. Han sido asociadas con estados de alerta, de concentración, y el disparo activo de neuronas que están trabajando arduamente.","Betawellen sind die vorwiegende Kategorie während des Wachzustands des Gehirns. Sie werden mit Aufmerksamkeit, Konzentrationsfähigkeit und dem aktiven Feuern von Neuronen während intensiven Arbeitsphasen in Verbindung gebracht."
gammaTitle,Gamma γ (30-100 Hz),Gamma γ (30-100 Hz),Gamma γ (30-100 Hz),Gamma γ (30-100 Hz)
gammaDescription,"Gamma waves are the fastest form of neural oscillation. They are difficult to detect and analyze with ordinary EEG but are a topic of much ongoing research. They have been tentatively associated with attention, working memory, and even consciousness.","Les ondes gamma sont la forme d\'oscillation neuronale la plus rapide. Elles sont difficiles à détecter et à analyser avec l\'EEG traditionnel, mais font l\'objet de nombreuses recherches. Les ondes gamma sont hypothétiquement réliées à l\'attention, la mémoire opérationelle, de même qu\'à la conscience.","Las ondas gamma son el tipo de oscilación neuronal más rápida. Son difíciles de detectar y analizar con EEG ordinario, pero son un tema actual de investigación. Han sido asociadas con procesos cognitivos superiores como la atención, la memoria de trabajo, e incluso la consciencia.","Gammawellen sind Wellen der schnellsten Form neuraler Oszillation. Sie sind wegen ihrer hohen Frequenz generell schwer mit klassischen EEG-Geräten zu erkennen, aber gerade deswegen ein aktuelles Forschungsthema. Sie werden lose mit Aufmerksamkeit, Erinnerungsvermögen und Bewusstsein assoziiert."
BCITitle,Brain-computer interfaces,Interfaces cerveau-ordinateur,Interfaz cerebro-computadora (BCI),Gehirn-Computer-Interfaces
BCIDescription,"A brain-computer interface is a direct communication channel between the brain and an external device. For example, one can feed information about brain state based on EEG frequency bands to a computer; that computer then analyzes the EEG data and decides what the user intent was. The computer can use that command to control an external device such as a wheelchair or a display.","Une interface cerveau-ordinateur est un canal direct de communication entre le cerveau et un appareil externe. Par exemple, il est possible d\'envoyer à un ordinateur de l\'information sur les états mentaux d\'un individu en se basant sur les bandes de fréquences de l\'EEG. L\'ordinateur peut ensuite analyser les données d\'EEG et prédire l\'intention de l\'utilisateur. Cette information peut aussi permettre de contrôler un appareil externe comme une chaise roulante ou un curseur.","Una interfaz cerebro-computadora es un canal de comunicación directo entre el cerebro y un dispositivo externo. Por ejemplo, podemos ingresar información en una computadora sobre el estado del cerebro basándonos en la potencia de las bandas de frecuencia del EEG; dicha computadora puede analizar esta información y decidir lo que el usuario quiere. La computadora podría usar esto para controlar un dispositivo externo, por ejemplo, una silla de ruedas o un monitor.","Ein Gehirn-Computer-Interface ist ein direkter Kommunikationskanal zwischen dem Gehirn und einem externen Gerät. So können Informationen über Hirnzustände beispielsweise direkt über EEG-Frequenzbänder an einen Computer gesandt werden; der Computer analysiert die Daten und entscheidet daraufhin, was die Intentionen des Benutzers waren. Der Rechner kann diese Informationen dazu verwenden, um Kontrollbefehle an externe Geräte, wie z.B. Rollstühle oder Displays, zu senden."
,,,,
//slide-end.js,//slide-end.js,//slide-end.js,//slide-end.js,//slide-end.js
thanksForCompleting,Thanks for completing \n EEG 101,Merci d\'avoir complété \n EEG 101,Gracias por completar \n EEG 101,Danke für deinen Durchlauf von \n EEG 101
hopeYouEnjoyed,"We have tried hard to provide a simple introduction to neuroscience, signal processing, and brain-computer interfaces. Of course, there is a lot more to learn!","Nous nous sommes efforcés d\'offrir une introduction simple aux neurosciences, au traitement de signaux et aux interfaces cerveau-ordinateur. Bien entendu, il y a beaucoup encore à apprendre!","Hemos intentado darte una introducción simple a las neurociencias, el procesamiento digital de señales, y las interfaces cerebro-computadora. Por supuesto, ¡queda mucho que aprender!","Wir haben hart daran gearbeitet, eine einfache Einführung in die Neurowissenschaften, Signalverarbeitung und Gehirn-Computer-Interfaces bereitzustellen. Natürlich gibt es noch eine ganze Menge mehr zu lernen!"
furtherLearning,Resources for Further Learning,Pour en apprendre plus (en anglais),Recursos para seguir aprendiendo,Weiterführende (englischsprachige) Materialien
bciResource,Awesome List of BCI-related Resources,Excellente liste de ressources sur les ICO,Lista genial de recursos relacionados a las BCI,Eine geniale Liste an BCI-verwandten Ressourcen
signalProcessingResource,Signals and Systems MIT Course,Cours du MIT sur les signaux et systèmes,Curso de señales y sistemas del MIT,Signals and Systems MIT Course
machineLearningResource,Machine Learning is Fun!,L\'apprentissage machine est amusant!,¡El Aprendizaje de Máquina es divertido!,Machine Learning is Fun!
projectOpenSource,This project is Open Source,Ceci est un projet dont le code source est libre,Este proyecto es de código abierta (Open Source),Dieses Projekt ist Open Source
resultOfCollaboration,"EEG101 is the result of a collaboration between NeuroTechX, the international neurotechnology network, and the developers at KBDGroup. Its source code is open for anyone to use or contribute to.","EEG 101 est le résultat d\'une collaboration entre NeuroTechX, le réseau international des neurotechnologies, et les développeurs de KBDGroup. Le code source est libre afin que toutes et tous puissent l\'utiliser et y contribuer.","EEG101 es el resultado de la colaboración entre NeuroTechX, la red de neurotecnología internacional, y de los desarrolladores en KBDGroup. El código fuente es abierto y cualquier persona puede tanto utilizarlo como contribuir. ","EEG101 ist das Resultat aus einer Kollaboration zwischen NeuroTechX, einer internationalen Vereinigung zum Thema Neurotechnologie, und den Entwicklern der KBDGroup. Der Code ist Open Source und für jedermann einsehbar; Beiträge sind herzlich willkommen."
interestedInApp,Interested in how an EEG app is built? Want to contribute to this project? Check out the repo on Github and our community on Slack.,Intéressé à savoir comment une application qui utilise l\'EEG fonctionne ? Désireux de contribuer à ce projet ? Visitez notre page GitHub et notre communauté Slack.,¿Interesado en saber como se puede construir una aplicación relacionada al EEG? ¿Te gustaría contribuir a este proyecto? Checa nuestro repositorio en GitHub y únete a nuestra comunidad en Slack,"Daran interessiert, wie eine EEG-App aufgebaut ist? Möchtest du zum Projekt beitragen? Dann sieh dir das Repository auf Github oder unsere Slack-Community an!"
theTeam,The EEG 101 Team,L\'équipe d\'EEG 101,El equipo EEG101,Das EEG 101-Team
teamMemberHubert,Hubert Banville - Visionary,Hubert Banville – Visionnaire,Hubert Banville - Visionario,Hubert Banville – Visionär
teamMemberDano,Dano Morrison - Developer,Dano Morrison – Développeur,Dano Morrison - Desarrollador,Dano Morrison – Entwickler
teamMemberGeordan,Geordan King - Producer,Geordan King – Producteur,Geordan King - Productor,Geordan King – Produzent
teamMemberMichael,Michael Vu - Author,Michael Vu – Auteur,Michael Vu - Autor,Michael Vu – Autor
teamMemberJoanna,Joanna Jang - Author,Joanna Jang – Auteure,Joanna Jang - Autor,Joanna Jang – Autor
teamMemberBrian,Brian Stern - Software Architect,Brian Stern – Architecte logiciel,Brian Stern - Arquitecto de Software,Brian Stern – Software-Architekt
teamMemberSteve,Steve Harjula - Visual Design,Steve Harjula – Design visuel,Steve Harjula - Diseño Visual,Steve Harjula – Mediengestalter
teamMemberMiles,Miles McCraw - Animator,Miles McCraw – Animateur,Miles McCraw - Animador,Miles McCraw – Animationsdesigner
restartButton,RESTART TUTORIAL,RECOMMENCER LE TUTORIEL,VOLVER A EMPEZAR TUTORIAL,TUTORIAL NEU STARTEN
,,,,
//DeviceStatusWdiget,//DeviceStatusWdiget,//DeviceStatusWdiget,//DeviceStatusWdiget,//DeviceStatusWidget
widgetConnected,Muse connected,Muse connecté,Muse conectado,Muse verbunden
widgetDisconnected,No connected device,Aucun appareil connecté,Ningún dispositivo conectado,Kein verbundenes Gerät
widgetConnecting,Connecting...,En cours de connexion...,Conectando...,Verbindung wird hergestellt…
,,,,
//ConnectorModule/component.js,//ConnectorModule/component.js,//ConnectorModule/component.js,//ConnectorModule/component.js,//ConnectorModule/component.js
needsPermission,EEG 101 needs your permission,EEG 101 a besoin de votre autorisation,EEG 101 necesita tu permiso,EEG 101 benötigt deine Erlaubnis
requiresLocation,This app requires coarse location permission in order to discover and connect to the 2016 Muse.,Cette application a besoin d\'ajouter l\'autorisation de géolocalisation afin de se connecter au Muse 2016.,Esta aplicación necesita permisos de localización precisa para poder detectar y conectarse al Muse 2016,"Diese App benötigt ungefähre Positionsbestimmung, um die Verbindung zu einem 2016 Muse herstellen zu können."
statusConnected,Connected,Connecté,Conectado,Verbunden
statusNoMusesTitle,No Muses were detected.,Aucun Muse n\'a été détecté,Ningún Muse ha sido detectado.,Kein Muse wurde gefunden.
searchAgain, SEARCH AGAIN ,CHERCHER DE NOUVEAU,"Si no tienes un Muse, ¡de verdad lo sentimos mucho! Estamos trabajando actualmente en un modo ""Sin conexión"" que estará disponible próximamente","Falls du kein Muse besitzt, tut uns das schrecklich leid! Wir arbeiten derzeit an einem Offline-Modul, welches bald verfügbar sein sollte"
statusConnecting,Connecting...,En cours de connexion...,VOLVER A BUSCAR,ERNEUT SUCHEN
statusDisconnected,Searching for Muses,Recherche d\'un Muse en cours,Conectando...,Verbindung wird hergestellt…
,,,,
// bci-01.js,// bci-01.js,// bci-01.js,// bci-01.js,//bci-01.js
bciTitle,BRAIN-COMPUTER INTERFACES,INTERFACES CERVEAU-ORDINATEUR,Interfaces Cerebro-Computadora,GEHIRN-COMPUTER-INTERFACES
whatIsBci,What is a Brain-Computer Interface?,Qu\'est-ce qu\'une interface cerveau-ordinateur ?,¿Qué es una interfaz cerebro-computadora?,Was ist ein Gehirn-Computer-Interface?
bciDefinition1,A BCI is a communication channel that allows the brain to,Une ICO est un canal de communication qui permet au cerveau,Una BCI (por sus siglas en inglés) es un canal de comunicación que le permite al cerebro ,"Ein BCI ist ein Kommunikationskanal, um dem Gehirn die"
bciDefinition2,interact,d\'interagir,interactuar,Interaktion
bciDefinition3,with an external device such as a computer,"avec des appareils externes, tels qu\'un ordinateur","con un dispositivo externo, como una computadora","mit einem externen Gerät, wie z.B. einem Computer, zu ermöglichen."
makeUseBci,How can we use EEG to make a BCI?,Comment utilise-t-on l\'EEG pour faire une ICO ?,¿Cómo podemos utilizar el EEG para crear una BCI?,"Wie können wir EEG dazu benutzen, ein BCI zu bauen?"
recognizePatternBrain,We can teach a computer to execute a command when it recognizes a certain pattern of brain activity. This process is called,On peut enseigner à un ordinateur d\'exécuter une commande lorsqu\'il reconnaît un certain patron d\'activité cérébrale. Ce processus est appelé,Le podemos enseñar a una computadora a ejecutar un comando cuando reconozca un patrón específico de actividad cerebral. Este proceso es llamado ,"Wir können dem Computer beibringen, bestimmte Befehle auszuführen, sobald ein gewisses Muster an Hirnaktivität auftritt. Der allgemeine Begriff dafür lautet"
machineLearning,machine learning,apprentissage machine,Aprendizaje de máquinas (Machine Learning),Maschinelles Lernen
buildBci,LET\'S BUILD A BCI,CONSTRUISONS UNE ICO,¡CONSTRUYAMOS UNA BCI!,LASS UNS EIN BCI BAUEN
bciInteractionTitle,Types of BCI interaction,Types d\'ICO,Tipos de interacción BCI,Typen der BCI-Interaktion
activeBci,"Active BCI involves the user generating brain signals actively in order to control a computer. For example, using imagined movement of either the right or left hand to steer an avatar right or left. The function of active BCIs are to replace conventional interfaces such as keys on a keyboard.","Les ICO actives requièrent de l\'utilisateur qu\'il génère volontairement des signaux cérébraux afin de contrôler un ordinateur. Par exemple, en imaginant un movement de la main droite ou gauche afin de faire contrôler un avatar vers la droite ou vers la gauche. Les ICO actives servent à remplacer ou améliorer l\'utilisation d\'interfaces conventionelles comme les touches d\'un clavier.","En una BCI activa, el usuario genera señales cerebrales voluntariamente para controlar una computadora. Por ejemplo, el usuario podría imaginar que mueve su mano derecha o izquierda, y esto generaría que el avatar en una computadora se moviera a la derecha o a la izquierda. Las funciones de una BCI activa pueden ser reemplazadas por interfaces convencionales tales como las teclas de un teclado.","Aktive BCIs beinhalten nutzergenerierte Hirnsignale, die aktiv einen Computer steuern. Dazu gehört beispielsweise eine imaginäre Gestensteuerung, die eine Figur am PC fernsteuert. Die Funktion aktiver BCIs ist es, konventionelle Interfaces wie Tastatur und Maus zu ersetzen."
reactiveBci,"Reactive BCIs use the brain\'s natural response to stimuli in order to gauge the user\'s intent. For example, detecting visually evoked responses to flashes of light on a keyboard to allow a user to spell by focusing their eyes on specific words. Although they don\'t require direct and conscious control, reactive BCIs must be built around specific stimuli that evolve known brain responses when perceived.","Les ICO réactives utilisent la réponse naturelle du cerveau à un stimulus afin d\'inférer l\'intention de l\'utilisateur. Par exemple, en détectant l\'activité cérébrale induite par le clignotement de lumières sur un clavier, permettant à l\'utilisateur d\'épeler en fixant différents mots. Même si elles ne requièrent pas nécessairement un contrôle direct et volontaire, les ICO réactives utilisent des stimuli spécifiques qui, lorsque perçus, produisent des réponses cérébrales bien connues.","Las BCI reactivas usan las respuestas a estímulos del cerebro para estimar la intención del usuario. Por ejemplo, detectar potenciales visuales evocados en respuesta a destellos luminosos en un teclado permite a un usuario escribir concentrando sus ojos en palabras específicas. Estas BCI no requieren control directo y consciente, no obstante, deben ser construidas alrededor de un tipo específico de estímulo que, cuando se perciba, evoque una respuesta cerebral conocida.","Reaktive BCIs hingegen machen sich der natürlichen Antwort des Gehirns auf Stimulation zunutze, um die Intention des Nutzers erfahren. Ein Beispiel hierfür sind durch Blitzlicht erzeugte Reaktionen des Auges bei speziellen Tastaturen, die Augensteuerung erlauben. Obwohl solche BCIs keine direkte (und bewusste) Interaktion erfordern, müssen sie um bestimmte Stimuli herum aufgebaut sein, die bekannte Hirnaktivitäten hervorrufen."
passiveBci,"Passive BCIs monitor the user\'s mental states without any effort their part. For example, passive BCIs might monitor attention, relaxation, or emotional state and use that information to adjust elements of a game.","Les ICO passives surveillent les états mentaux de l\'utilisateur sans requérir un quelquonque effort de leur part. Par exemple, les ICO passives peuvent être utilisées pour le monitorage de l\'attention, de la relaxation ou de l\'état émotionnel, permettant à cette information d\'ajuster les éléments d\'un jeu vidéo.","Las BCI pasivas monitorean los estados mentales, o emocionales, de los usuarios sin que estos tengan que hacer nada. Por ejemplo, las BCI pasivas pueden monitorear atención, relajación, o el estado emocional y utilizar esa información para ajustar los elementos de un video juego.","Passive BCIs überwachen lediglich den mentalen Zustand des Nutzers, ohne dessen Eingriff. Passive BCIs können möglicherweise Aufmerksamkeit, Entspannung, oder den emotionalen Zustand des Spielers überwachen und diese Information nutzen, um Elemente eines Spiels anzupassen."
machineLearningTitle,Machine Learning,Apprentissage machine,Aprendizaje de máquinas (Machine Learning),Maschinelles Lernen
machineLearningDefinition,"A machine learning algorithm is a computer program that learns by looking at examples. For instance, machine learning algorithms can learn to recognize objects in a picture by looking at thousands of pictures of different objects. In an EEG BCI, this type of algorithm looks at many instances of someone\'s brain activity and finds an optimal way to recognize what the user is doing.","Un algorithme d\'apprentissage machine est un programme informatique qui apprend à partir d\'exemples. Par exemple, les algorithmes d\'apprentissage machine peuvent apprendre à reconnaître des objets dans une photo en examinant des millers d\'images de différents objets. Dans une ICO basée sur l\'EEG, ce type d\'algorithmes utilise plusieurs exemples de l\'activité électrique cérébrale de l\'utilisateur afin de trouver une manière optimale de reconnaître ce que l\'utilisateur fait.","Un algoritmo de aprendizaje de máquinas es un programa de computadora que aprende a través de ejemplos. Por ejemplo, un algoritmo de aprendizaje de máquinas puede aprender a reconocer objetos en una imagen después de analizar miles de imágenes de diferentes objetos. En una BCI controlada mediante EEG, este tipo de algoritmos analiza diferentes patrones de actividad cerebral y encuentra una manera óptima para reconocer lo que el usuario está haciendo ","Ein maschineller Lernalgorithmus ist ein Computerprogramm, welches aus Beispielen lernt. Angenommen, ein maschineller Lernalgorithmus kann lernen, Objekte in Bildern zu erkennen. Der Algorithmus lernt das, indem er sich tausende von Bildern mi unterschiedlichen Motiven ansieht. In einem EEG BCI versucht der Algorithmus aus verschiedenen Beispielen von Hirnzuständen zu lernen, um optimal einen Zustand aus Hirnwellen herauszulesen, und festzustellen, was der Nutzer vorhat."
,,,,
// bci-02.js,// bci-02.js,// bci-02.js,// bci-02.js,//bci-02.js
chooseCommand,Choose a command,Choisissez une commande,Selecciona un comando,Wähle einen Befehl aus
bciCommands,"This BCI will allow you to execute a command on your phone by switching between two \'brain states\' \n\n First, what do you want this BCI to do?","Cette ICO vous permettra d\'exécuter une commande sur votre téléphone en passant d\'un «état mental» à un autre. \n\n Tout d\'abord, que voulez-vous contrôler avec cette ICO?","Esta BCI te permitirá ejecutar un comando en tu teléfono cuando cambies de un estado cerebral arbitrario a otro. \n\n Primero que nada, ¿qué quieres que esta BCI haga?","Dieses BCI wird es dir ermöglichen, einen Befehl auf deinem Smartphone auszuführen, indem du zwischen zwei \'Hirnzuständen\' wechselst\n\n Entscheide dich zuerst, welchen Befehl du ausführen möchtest:"
offData,"Collect ""OFF"" data",Collecte de l\'EEG pour l\'état activé,Adquisición de EEG para estado OFF,Sammle “AUS”-Daten
onData,"Collect ""ON"" data",Collecte de l\'EEG pour l\'état désactivé,Adquisición de EEG para estado ON,Sammle “EIN”-Daten
step4Title,Step 4,Étape 4,Paso 4,Schritt 4
trainClassifier,Train the classifier,Entraîner le classifieur,Entrena al clasificador,Trainiere den Klassifikator
,,,,
// bci-run.js,// bci-run.js,// bci-run.js,// bci-run.js,//bci-run.js
retrainBci,RE-TRAIN BCI,RÉ-ENTRAÎNER L\'ICO,VOLVER A ENTRENAR A LA BCI,TRAINIERE DAS BCI ERNEUT
endEeg101,END EEG 101,COMPLÉTER EEG 101,CERRAR EEG 101,BEENDE EEG 101
bciRunSlideTitle,USING YOUR MIND TO CONTROL THIS PHONE...,UTILISER VOS PENSÉES POUR CONTRÔLER CE TÉLÉPHONE...,UTILIZANDO TU MENTE PARA CONTROLAR ESTE TELÉFONO...,"BENUTZE DEINE GEDANKEN, UM DAS SMARTPHONE ZU BEDIENEN"
,,,,
// bci-train.js,// bci-train.js,// bci-train.js,// bci-train.js,//bci-train.js
trainSamples,samples,échantillons,muestras,Beispiele
trainStop,STOP,ARRÊTER,ALTO,STOP
trainCollect,COLLECT,ACQUÉRIR,ADQUIRIR,SAMMELN
trainCollectMore,COLLECT MORE (OPTIONAL),ACQUÉRIR,ADQUIRIR MÁS (OPCIONAL),MEHR SAMMELN (OPTIONAL)
trainOn,ON,ON,ON,EIN
trainOff,OFF,OFF,OFF,AUS
trainFitClassifier,FIT CLASSIFIER,ENTRAÎNER LE CLASSIFIEUR,ENTRENAR AL CLASIFICADOR,ANPASSEN DES KLASSIFIKATORS
trainAccuracy,Accuracy,Exactitude,Exactitud,Genauigkeit
trainReFit,RE-FIT,RÉ-ENTRAÎNER,VOLVER A ENTRENAR,ERNEUT ANPASSEN
trainRunIt, RUN IT! ,UTILISER L\'ICO!,¡EJECÚTALO!,LOS GEHT\'S
trainReset,RESET,RECOMMENCER,REINICIAR,ZURÜCKSETZEN
,,,,
// ClassifierInfoDisplayer.js,// ClassifierInfoDisplayer.js,// ClassifierInfoDisplayer.js,// ClassifierInfoDisplayer.js,// ClassifierInfoDisplayer.js
nextTrain,"Next, train the","Ensuite, entraîner le","Ahora, entrena el ","Zunächst, trainiere den "
classifierName,classifier,classifieur,clasificador,Klassifikator
collectedData,"on your data to distinguish between your brain states. \n\n The data you\'ve collected is simply the powers of the different brain waves (δ, θ, α, β) for each electrode in each epoch you collected","sur vos données afin de distinguer entre vos états mentaux. \n\n Les données que vous avez collectées sont simplement la puissance des différentes ondes cérébrales (δ, θ, α, β) pour chaque électrode, à chaque époque","utilizando tus datos para que distinga entre tus dos estados cerebrales. \n\n Los datos que has adquirido son simplemente las potencias de las diferentes ondas cerebrales (δ, θ, α, β) en cada electrodo y en cada segmento que recolectaste","auf deinen Daten, um zwischen den Hirnzuständen zu unterscheiden. \n\n Die Daten, die du gesammelt hast, sind lediglich die Stärken der verschiedenen Hirnwellen (δ, θ, α, β) jeder Elektrode in jedem Zeitschritt"
trainClassifierButton,TRAIN CLASSIFIER,ENTRAÎNER LE CLASSIFIEUR,ENTRENA AL CLASIFICADOR,TRAINIERE DEN KLASSIFIKATOR
classifierTitle2,Classifier,Classifieur,Clasificador ,Klassifikator
classifierPopUp,"A classifier is a type of machine learning algorithm that learns to distinguish between two or more groups by looking at relevant features of these groups. The classifier that we are training here uses the Gaussian Naive Bayes technique to estimate the probability that a data point belongs to two distinct normal distributions. Image from Raizada and Lee, 2013","Un classifieur est un type d\'algorithme d\'apprentissage machine qui apprend à distinguer entre deux groupes (ou plus) en examinant les traits caractéristiques de ces groupes. Le classifieur que nous entraînons ici est un classifieur de Bayes naïf. Ce classifieur estime la probabilité qu\'un exemple appartienne à une de deux distributions normales. Image tirée de Raizada & Lee, 2013","Un clasificador es un tipo de algoritmo de aprendizaje de máquinas que aprende a distinguir entre dos o más grupos a través del análisis de características relevantes de cada grupo. El clasificador bayesiano ingenuo gaussiano, que estamos entrenando aquí, estima la probabilidad de que un punto específico de los datos pertenezca a dos distribuciones normales distintas. La imagen se tomo de Raizada y Lee, 2013","Ein Klassifikator ist eine Art von maschinellem Lernalgorithmus, der zwischen zwei oder mehr verschiedenen Gruppen unterscheiden kann, indem er sich relevante Eigenschaften (Features) dieser Gruppen ansieht. Der hier benutzte Algorithmus benutzt Gaussian Naive Bayes, um die Wahrscheinlichkeit zu schätzen, mit der ein Datenpunkt zu zwei distinkten Normalverteilungen gehört. Bild von Raizada und Lee, 2013"
classifierAccuracy,Accuracy:,Exactitude:,Exactitud:,Genauigkeit:
classifierScore,"This score represents how well the classifier is able to distinguish between the two brain states based on the data you collected. \n\n If you are happy with your classifier\'s score you can run your BCI in real-time! Otherwise, you can start over with new data","Ce score représente à quel point le classifieur est capable de distinguer entre les deux états mentaux, en se basant sur les données que vous avez collectées. \n\n Si vous êtes heureux avec la performance de votre classifieur, vous pouvez maintenant utiliser votre ICO en temps réel ! Autrement, vous pouvez recommencer en collectant de nouvelles données","Este resultado representa que tan bien el clasificador puede distinguir entre los dos estados cerebrales basándose en los datos que adquiriste. \n\n Si estás satisfecho con el resultado de tu clasificador, ¡puedes ejecutar tu BCI en tiempo real! Si no, puedes comenzar de nuevo con la adquisición de datos","Dieser Wert repräsentiert, wie gut der Klassifikator darin ist, zwischen den beiden Hirnzuständen zu unterscheiden. Dies beruht auf den Daten, die du gesammelt hast. \n\n Falls du mit dem Wert des Klassifikators zufrieden bist, kannst du das BCI in Echtzeit laufen lassen! Ansonsten kannst du es mit neuen Daten probieren."
classifierReTrain,RE-TRAIN,RÉ-ENTRAÎNER,VOLVER A ENTRENAR,ERNEUTES TRAINING
crossValidationAcc,Cross-validation accuracy,Exactitude de validation croisée,Exactitud de validación cruzada,Kreuzvalidierungsgenauigkeit
crossValidationDefinition,"Cross-validation is a technique to evaluate the accuracy of predictive algorithms by breaking up an original set of example data into a training set and a test set. The algorithm is trained on this training set and scored on how well it predicts the values of the test set. In k-fold cross-validation, which this BCI uses, this process is repeated a number of times with different randomly selected subsamples of data each time.","La validation croisée est une technique qui permet d\'évaluer l\'exactitude d\'un algorithme de prédiction en divisant un ensemble de données en un ensemble d\'entraînement et un ensemble de test. Cet algorithme est entraîné sur l\'ensemble d\'entraînement, puis sa performance est évaluée sur l\'ensemble de test. Lors d\'une validation croisée à k échantillons (ce que notre ICO utilise), ce processus est répété à plusieurs reprises avec différents sous-échantillonnages.","La validación cruzada es una técnica que evalúa la precisión de la exactitud de un algoritmo. Descompone el conjunto de datos originales en un conjunto de entrenamiento y un conjunto de prueba. El algoritmo es entrenado con el conjunto de entrenamiento y después se evalúa que tan bien clasifica los valores del conjunto de prueba. En una validación con K iteraciones, el tipo que esta BCI utiliza, este proceso es repetido un número K de veces con sub-conjuntos escogidos de manera aleatoria del conjunto original en cada iteración","Kreuzvalidierung ist eine Technik, die dazu benutzt wird, die Genauigkeit von Vorhersagen zu beurteilen, indem der ursprüngliche Datensatz in Test- und Trainingsdaten aufgebrochen wird. Der Algorithmus wird auf den Trainingsdaten trainiert und danach beurteilt, wie gut er die Werte im Testset einordnen kann. Bei k-facher Kreuzvalidierung, welche dieses BCI benutzt, wird dieser Prozess über mehrere Male mit verschiedenen, zufällig ausgewählten, Datenpunkten wiederholt."
,,,,
// DataCollection.js,// DataCollection.js,// DataCollection.js,// DataCollection.js,// DataCollection.js
collecting,Collecting...,Acquisition en cours...,Adquiriendo datos...,Sammeln…
oopsYouOnly,Oops! You only collected,Oups ! Vous n\'avez collecté que,¡Oops! Sólo recolectaste,Ups! Du hast lediglich
epochsOfData,"epochs of data.\n\n Remember, it is important to discard epochs that contain too much noise in order to detect signals from the brain. Try again, ensuring that your headband is fitted correctly and that blinks and movement are kept to a minumum.",époques. \n\n N\'oubliez pas qu\'il est important de se débarasser des époques qui contiennent trop de bruit afin de détecter les signaux qui proviennent du cerveau. Essayez de nouveau en vous assurant que le bandeau est correctement ajusté et en minimisant tout clignement de yeux et mouvements.,"épocas de datos. \n\n Recuerda, es importante descartar las épocas que contienen demasiado ruido para poder detectar de manera más limpia la señal del cerebro. Inténtalo de nuevo, asegurándote que el dispositivo esté colocado de manera correcta y minimizando tus movimientos y tus parpadeos","Epochen gesammelt.\n\n Erinnere dich daran, dass Epochen mit einem zu hohen Störfaktor ignoriert werden. Versuche es erneut, und kontrolliere, ob das Kopfband richtig sitzt und Augenbewegung sowie Blinzeln auf ein Minimum reduziert werden."
letsTeach,"Now, let\'s teach the algorithm the brain state you\'ll use to turn the","Maintenant, apprenons à l\'algorithme l\'état mental que vous utiliserez pour activer la","Ahora, entrenemos al algoritmo con el estado cerebral que vas a utilizar para prender el botón","So, nun lass uns den Algorithmus den Hirnzustand sehen, der dazu dienen soll, das Signal"
closeYourEyes,"ON.\n\n Once again, you can try whatever you want. We recommend closing your eyes and relaxing. Click the button below to start recording another 30 seconds of data.",".\n\n Encore une fois, vous pouvez essayer ce que vous voulez. Nous recommandons de fermer vos yeux et de relaxer. Appuyez sur le bouton ci-dessous pour commencer l\'acquisition de 30 secondes de données.","ON. \n\n Una vez más, haz lo que te plazca. Te recomendamos que cierres tus ojos e intentes relajarte. Da clic en el botón de abajo después de haber recolectado 30 segundos de datos.","EINZUSCHALTEN.\n\n Du kannst hier wieder alles mögliche probieren. Wir empfehlen, dass du deine Augen geöffnet lässt und dich entspannst. Drücke den Knopf unter dem Text, um eine 30-sekündige Aufzeichnung zu starten."
youveCollected,Awesome! You\'ve collected,Génial ! Vous avez collecté,¡Genial! Has recolectado un total de ,Klasse! Du hast
totalCleanData,total epochs of clean data.\n\n The accuracy of machine learning is often dependent on the number of examples given to the algorithm. Consider collecting even more data to make this BCI as accurate as possible!,époques non-bruitées. \n\n L\'exactitude d\'un algorithme d\'apprentissage machine dépend souvent du nombre d\'exemples qui lui sont donnés. Considérez à collecter encore plus de données pour améliorer la performance de votre ICO !,épocas de datos limpios. La exactitud del algoritmo de aprendizaje de máquinas depende muchas veces del número de ejemplos con los que proveas al algoritmo. ¡Considera recolectar inclusive más datos para que tu BCI sea tan exacta como se pueda!,"an sauberen Epochen gesammelt.\n\n Die Genauigkeit des Lernalgorithmus hängt oft von der Anzahl an Beispielen ab. Überlege dir, ob du noch mehr Daten sammeln möchtest, um den Algorithmus noch genauer zu machen!"
letsTeach2,Let\'s teach the algorithm which brain state you\'ll use to keep the,Apprenons à l\'algorithme l\'état mental que vous utiliserez pour désactiver la,Entrenemos al algoritmo con el estado cerebral que usarás para mantener el botón,"Lass uns nun den Algorithmus den Zustand sehen, der dazu dienen soll, das Signal"
eyesOpen,"OFF.\n\n You can try whatever you want, but we recommend keeping your eyes open and concentrating. When you are ready, click to record 30 seconds of data.",".\n\n Vous pouvez essayer ce que vous voulez, mais nous recommandons de garder vos yeux ouverts et de rester concentré. Quand vous êtes prêt, appuyez sur le bouton ci-dessous pour commencer l\'acquisition de 30 secondes de données.","Off.\n\n Puedes intentar lo que quieras, pero te recomendamos mantener tus ojos abiertos y tu atención concentrada en un punto. Cuando estés listo, da clic para recolectar 30 segundos de datos. ","AUSZUSCHALTEN.\n\n Du kannst wieder alles Mögliche probieren. Wir empfehlen, dass du die Augen geöffnet lässt und dich konzentrierst. Wenn du bereit bist, klicke erneut den Knopf um für 30 Sekunden aufzuzeichnen."
totalCleanData2,"total epochs of clean data.\n\n For this BCI, each epoch is one second long. Those with too much noise are discarded.","époques non-bruitées. \n\n Pour cette ICO, chaque époque est d\'une seconde. Les époques avec trop de bruits sont rejetées.","épocas de datos limpios.\n\n Para esta BCI, cada época tiene una duración de 1 segundo. Las épocas con demasiado ruido son descartadas.",Epochen an reinen Daten.\n\n Für dieses BCI ist jede Epoche genau eine Sekunde lang. Solche mit zu viel Störsignalen werden ignoriert.
,,,,
// SideMenu.js,// SideMenu.js,// SideMenu.js,// SideMenu.js,//SideMenu.js
toolsTitle,Tools,Outils,Herramientas,Werkzeuge
eegSandbox,EEG Sandbox,Bac à sable,Zona de Pruebas de EEG,EEG Sandkasten
bciValue,Brain-computer interface,Interface cerveau-ordinateur,Interfaz Cerebro-Computadora,Gehirn-Computer-Interface (BCI)
tutorialTitle,Tutorial,Tutoriel,Tutorial,Tutorial
introductionValue,Introduction,Introduction,Introducción,Einführung
physiologyValue,Physiology,Physiologie,Fisiología,Physiologie
hardwareValue,Hardware,Matériel,Hardware,Hardware
filteringValue,Filtering,Filtrage,Filtrado,Filter
epochingValue,Epoching,Extraction d\'époques,División en épocas,Epochen
artefactValue,Artefact Removal,Extraction des artéfacts ,Remoción de artefactos,Entfernen von Störungen
featureValue,Feature Extraction,Extraction de traits caractéristiques,Extracción de características,Feature-Extraktion
psdValue,Power Spectral Density,Densité spectrale de puissance,Densidad Espectral de Potencia,Spektrale Leistungsdichte
brainWavesValue,Brain Waves,Ondes cérébrales,Ondas Cerebrales,Gehirnwellen
brainComputerInterfaceValue,Brain-Computer Interfaces,Interfaces cerveau-ordinateur,Interfaz Cerebro-Computadora,Gehirn-Computer-Interfaces
howBuildBciValue,How to Build a BCI,Comment construire une ICO,Cómo construir una BCI,Wie man ein BCI baut
infoValue,Information & Acknowledgements,Information et remerciements,Información y Agradecimientos,Information und Danksagung
,,,,
// config.js,// config.js,// config.js,// config.js,// config.js
configLight,the light,la lumière,la luz,das Licht
configVibrate,vibration,vibration,vibración ,vibration
